"ID","Name","Parent","Component","Path","Line","Column","EndLine","EndColumn","CA","CCO","CE","CLLOC","CV","Clone Metric Rules"
"C3016","356~CloneInstance","C842","L103","C:\Users\tiaru\Desktop\SourceMeter-10.0.0-x64-Windows\Java\Apache1.3\jakarta-ant-1.3\src\main\org\apache\tools\ant\AntClassLoader.java","203","5","212","6","1","2","9","10","1","0"
"C3017","357~CloneInstance","C842","L103","C:\Users\tiaru\Desktop\SourceMeter-10.0.0-x64-Windows\Java\Apache1.3\jakarta-ant-1.3\src\main\org\apache\tools\ant\AntClassLoader.java","227","5","236","6","1","2","6","10","1","0"
"C3015","354~CloneInstance","C841","L103","C:\Users\tiaru\Desktop\SourceMeter-10.0.0-x64-Windows\Java\Apache1.3\jakarta-ant-1.3\src\main\org\apache\tools\ant\DefaultLogger.java","184","5","200","6","1","5","7","17","1","0"
"C2104","150~CloneInstance","C500","L103","C:\Users\tiaru\Desktop\SourceMeter-10.0.0-x64-Windows\Java\Apache1.3\jakarta-ant-1.3\src\main\org\apache\tools\ant\DirectoryScanner.java","252","9","262","10","1","4","9","11","1","0"
"C2923","310~CloneInstance","C811","L103","C:\Users\tiaru\Desktop\SourceMeter-10.0.0-x64-Windows\Java\Apache1.3\jakarta-ant-1.3\src\main\org\apache\tools\ant\DirectoryScanner.java","229","9","262","10","1","7","9","34","1","1"
"C1499","60~CloneInstance","C284","L103","C:\Users\tiaru\Desktop\SourceMeter-10.0.0-x64-Windows\Java\Apache1.3\jakarta-ant-1.3\src\main\org\apache\tools\ant\DirectoryScanner.java","370","13","379","32","1","2","12","10","1","0"
"C2105","151~CloneInstance","C500","L103","C:\Users\tiaru\Desktop\SourceMeter-10.0.0-x64-Windows\Java\Apache1.3\jakarta-ant-1.3\src\main\org\apache\tools\ant\DirectoryScanner.java","314","9","324","10","1","4","9","11","1","0"
"C2106","152~CloneInstance","C500","L103","C:\Users\tiaru\Desktop\SourceMeter-10.0.0-x64-Windows\Java\Apache1.3\jakarta-ant-1.3\src\main\org\apache\tools\ant\DirectoryScanner.java","341","9","351","10","1","4","9","11","1","0"
"C2924","311~CloneInstance","C811","L103","C:\Users\tiaru\Desktop\SourceMeter-10.0.0-x64-Windows\Java\Apache1.3\jakarta-ant-1.3\src\main\org\apache\tools\ant\DirectoryScanner.java","291","9","324","10","1","7","49","34","1","1"
"C1500","61~CloneInstance","C284","L103","C:\Users\tiaru\Desktop\SourceMeter-10.0.0-x64-Windows\Java\Apache1.3\jakarta-ant-1.3\src\main\org\apache\tools\ant\DirectoryScanner.java","509","13","518","32","1","2","12","10","1","0"
"C2724","244~CloneInstance","C734","L103","C:\Users\tiaru\Desktop\SourceMeter-10.0.0-x64-Windows\Java\Apache1.3\jakarta-ant-1.3\src\main\org\apache\tools\ant\DirectoryScanner.java","462","9","478","10","1","6","11","17","1","0"
"C2725","245~CloneInstance","C734","L103","C:\Users\tiaru\Desktop\SourceMeter-10.0.0-x64-Windows\Java\Apache1.3\jakarta-ant-1.3\src\main\org\apache\tools\ant\DirectoryScanner.java","481","9","497","10","1","6","11","17","1","0"
"C2930","314~CloneInstance","C814","L103","C:\Users\tiaru\Desktop\SourceMeter-10.0.0-x64-Windows\Java\Apache1.3\jakarta-ant-1.3\src\main\org\apache\tools\ant\DirectoryScanner.java","426","5","548","6","1","28","9","123","1","2"
"C2781","274~CloneInstance","C758","L103","C:\Users\tiaru\Desktop\SourceMeter-10.0.0-x64-Windows\Java\Apache1.3\jakarta-ant-1.3\src\main\org\apache\tools\ant\DirectoryScanner.java","599","5","613","6","1","4","6","15","1","0"
"C2782","275~CloneInstance","C758","L103","C:\Users\tiaru\Desktop\SourceMeter-10.0.0-x64-Windows\Java\Apache1.3\jakarta-ant-1.3\src\main\org\apache\tools\ant\DirectoryScanner.java","626","5","640","6","1","4","6","15","1","0"
"C2651","220~CloneInstance","C703","L103","C:\Users\tiaru\Desktop\SourceMeter-10.0.0-x64-Windows\Java\Apache1.3\jakarta-ant-1.3\src\main\org\apache\tools\ant\DirectoryScanner.java","661","9","675","41","1","3","11","15","1","0"
"C1377","39~CloneInstance","C249","L103","C:\Users\tiaru\Desktop\SourceMeter-10.0.0-x64-Windows\Java\Apache1.3\jakarta-ant-1.3\src\main\org\apache\tools\ant\DirectoryScanner.java","746","16","765","14","1","6","28","20","1","0"
"C2702","239~CloneInstance","C726","L103","C:\Users\tiaru\Desktop\SourceMeter-10.0.0-x64-Windows\Java\Apache1.3\jakarta-ant-1.3\src\main\org\apache\tools\ant\DirectoryScanner.java","765","20","775","14","1","4","11","11","1","0"
"C2760","257~CloneInstance","C749","L103","C:\Users\tiaru\Desktop\SourceMeter-10.0.0-x64-Windows\Java\Apache1.3\jakarta-ant-1.3\src\main\org\apache\tools\ant\DirectoryScanner.java","946","5","957","6","1","4","7","12","1","0"
"C1340","32~CloneInstance","C233","L103","C:\Users\tiaru\Desktop\SourceMeter-10.0.0-x64-Windows\Java\Apache1.3\jakarta-ant-1.3\src\main\org\apache\tools\ant\IntrospectionHelper.java","228","11","237","10","1","4","2","10","1","0"
"C1341","33~CloneInstance","C233","L103","C:\Users\tiaru\Desktop\SourceMeter-10.0.0-x64-Windows\Java\Apache1.3\jakarta-ant-1.3\src\main\org\apache\tools\ant\IntrospectionHelper.java","251","11","260","10","1","4","2","10","1","0"
"C1342","34~CloneInstance","C233","L103","C:\Users\tiaru\Desktop\SourceMeter-10.0.0-x64-Windows\Java\Apache1.3\jakarta-ant-1.3\src\main\org\apache\tools\ant\IntrospectionHelper.java","279","11","288","10","1","4","2","10","1","0"
"C3018","359~CloneInstance","C843","L103","C:\Users\tiaru\Desktop\SourceMeter-10.0.0-x64-Windows\Java\Apache1.3\jakarta-ant-1.3\src\main\org\apache\tools\ant\IntrospectionHelper.java","294","5","303","6","1","2","175","10","1","1"
"C3019","360~CloneInstance","C843","L103","C:\Users\tiaru\Desktop\SourceMeter-10.0.0-x64-Windows\Java\Apache1.3\jakarta-ant-1.3\src\main\org\apache\tools\ant\IntrospectionHelper.java","308","5","317","6","1","2","19","10","1","0"
"C1337","30~CloneInstance","C231","L103","C:\Users\tiaru\Desktop\SourceMeter-10.0.0-x64-Windows\Java\Apache1.3\jakarta-ant-1.3\src\main\org\apache\tools\ant\Main.java","424","9","434","10","1","3","6","11","1","0"
"C2152","154~CloneInstance","C516","L103","C:\Users\tiaru\Desktop\SourceMeter-10.0.0-x64-Windows\Java\Apache1.3\jakarta-ant-1.3\src\main\org\apache\tools\ant\Project.java","147","9","173","10","1","6","4","27","1","0"
"C2153","155~CloneInstance","C516","L103","C:\Users\tiaru\Desktop\SourceMeter-10.0.0-x64-Windows\Java\Apache1.3\jakarta-ant-1.3\src\main\org\apache\tools\ant\Project.java","175","9","201","10","1","6","4","27","1","0"
"C1408","52~CloneInstance","C256","L103","C:\Users\tiaru\Desktop\SourceMeter-10.0.0-x64-Windows\Java\Apache1.3\jakarta-ant-1.3\src\testcases\org\apache\tools\ant\IntrospectionHelperTest.java","108","9","132","10","1","6","29","25","1","0"
"C1409","53~CloneInstance","C256","L103","C:\Users\tiaru\Desktop\SourceMeter-10.0.0-x64-Windows\Java\Apache1.3\jakarta-ant-1.3\src\testcases\org\apache\tools\ant\IntrospectionHelperTest.java","136","9","160","10","1","6","29","25","1","0"
"C2090","134~CloneInstance","C495","L103","C:\Users\tiaru\Desktop\SourceMeter-10.0.0-x64-Windows\Java\Apache1.3\jakarta-ant-1.3\src\testcases\org\apache\tools\ant\IntrospectionHelperTest.java","108","9","133","72","1","6","30","26","1","0"
"C2091","135~CloneInstance","C495","L103","C:\Users\tiaru\Desktop\SourceMeter-10.0.0-x64-Windows\Java\Apache1.3\jakarta-ant-1.3\src\testcases\org\apache\tools\ant\IntrospectionHelperTest.java","141","9","166","83","1","6","30","26","1","0"
"C2092","137~CloneInstance","C496","L103","C:\Users\tiaru\Desktop\SourceMeter-10.0.0-x64-Windows\Java\Apache1.3\jakarta-ant-1.3\src\testcases\org\apache\tools\ant\IntrospectionHelperTest.java","108","9","127","10","1","5","28","20","1","0"
"C2093","138~CloneInstance","C496","L103","C:\Users\tiaru\Desktop\SourceMeter-10.0.0-x64-Windows\Java\Apache1.3\jakarta-ant-1.3\src\testcases\org\apache\tools\ant\IntrospectionHelperTest.java","136","9","155","10","1","5","28","20","1","0"
"C2094","140~CloneInstance","C497","L103","C:\Users\tiaru\Desktop\SourceMeter-10.0.0-x64-Windows\Java\Apache1.3\jakarta-ant-1.3\src\testcases\org\apache\tools\ant\IntrospectionHelperTest.java","108","9","122","10","1","4","27","15","1","0"
"C2095","141~CloneInstance","C497","L103","C:\Users\tiaru\Desktop\SourceMeter-10.0.0-x64-Windows\Java\Apache1.3\jakarta-ant-1.3\src\testcases\org\apache\tools\ant\IntrospectionHelperTest.java","136","9","150","10","1","4","27","15","1","0"
"C2096","142~CloneInstance","C497","L103","C:\Users\tiaru\Desktop\SourceMeter-10.0.0-x64-Windows\Java\Apache1.3\jakarta-ant-1.3\src\testcases\org\apache\tools\ant\IntrospectionHelperTest.java","151","9","165","10","1","4","27","15","1","0"
"C2097","144~CloneInstance","C498","L103","C:\Users\tiaru\Desktop\SourceMeter-10.0.0-x64-Windows\Java\Apache1.3\jakarta-ant-1.3\src\testcases\org\apache\tools\ant\IntrospectionHelperTest.java","108","9","117","10","1","3","26","10","1","0"
"C2098","145~CloneInstance","C498","L103","C:\Users\tiaru\Desktop\SourceMeter-10.0.0-x64-Windows\Java\Apache1.3\jakarta-ant-1.3\src\testcases\org\apache\tools\ant\IntrospectionHelperTest.java","118","9","127","10","1","3","26","10","1","0"
"C2099","146~CloneInstance","C498","L103","C:\Users\tiaru\Desktop\SourceMeter-10.0.0-x64-Windows\Java\Apache1.3\jakarta-ant-1.3\src\testcases\org\apache\tools\ant\IntrospectionHelperTest.java","136","9","145","10","1","3","26","10","1","0"
"C2100","147~CloneInstance","C498","L103","C:\Users\tiaru\Desktop\SourceMeter-10.0.0-x64-Windows\Java\Apache1.3\jakarta-ant-1.3\src\testcases\org\apache\tools\ant\IntrospectionHelperTest.java","146","9","155","10","1","3","26","10","1","0"
"C2101","148~CloneInstance","C498","L103","C:\Users\tiaru\Desktop\SourceMeter-10.0.0-x64-Windows\Java\Apache1.3\jakarta-ant-1.3\src\testcases\org\apache\tools\ant\IntrospectionHelperTest.java","156","9","165","10","1","3","26","10","1","0"
"C1299","22~CloneInstance","C218","L103","C:\Users\tiaru\Desktop\SourceMeter-10.0.0-x64-Windows\Java\Apache1.3\jakarta-ant-1.3\src\testcases\org\apache\tools\ant\IntrospectionHelperTest.java","189","9","200","40","1","2","28","12","1","0"
"C1788","75~CloneInstance","C384","L103","C:\Users\tiaru\Desktop\SourceMeter-10.0.0-x64-Windows\Java\Apache1.3\jakarta-ant-1.3\src\testcases\org\apache\tools\ant\IntrospectionHelperTest.java","281","9","301","10","1","4","49","21","1","0"
"C1789","76~CloneInstance","C384","L103","C:\Users\tiaru\Desktop\SourceMeter-10.0.0-x64-Windows\Java\Apache1.3\jakarta-ant-1.3\src\testcases\org\apache\tools\ant\IntrospectionHelperTest.java","302","9","322","10","1","4","49","21","1","0"
"C1790","77~CloneInstance","C384","L103","C:\Users\tiaru\Desktop\SourceMeter-10.0.0-x64-Windows\Java\Apache1.3\jakarta-ant-1.3\src\testcases\org\apache\tools\ant\IntrospectionHelperTest.java","336","9","356","10","1","4","49","21","1","0"
"C1791","79~CloneInstance","C385","L103","C:\Users\tiaru\Desktop\SourceMeter-10.0.0-x64-Windows\Java\Apache1.3\jakarta-ant-1.3\src\testcases\org\apache\tools\ant\IntrospectionHelperTest.java","281","9","294","10","1","3","45","14","1","0"
"C1792","80~CloneInstance","C385","L103","C:\Users\tiaru\Desktop\SourceMeter-10.0.0-x64-Windows\Java\Apache1.3\jakarta-ant-1.3\src\testcases\org\apache\tools\ant\IntrospectionHelperTest.java","295","9","308","10","1","3","45","14","1","0"
"C1793","81~CloneInstance","C385","L103","C:\Users\tiaru\Desktop\SourceMeter-10.0.0-x64-Windows\Java\Apache1.3\jakarta-ant-1.3\src\testcases\org\apache\tools\ant\IntrospectionHelperTest.java","309","9","322","10","1","3","45","14","1","0"
"C1794","82~CloneInstance","C385","L103","C:\Users\tiaru\Desktop\SourceMeter-10.0.0-x64-Windows\Java\Apache1.3\jakarta-ant-1.3\src\testcases\org\apache\tools\ant\IntrospectionHelperTest.java","336","9","349","10","1","3","45","14","1","0"
"C2047","107~CloneInstance","C483","L103","C:\Users\tiaru\Desktop\SourceMeter-10.0.0-x64-Windows\Java\Apache1.3\jakarta-ant-1.3\src\testcases\org\apache\tools\ant\IntrospectionHelperTest.java","251","9","265","10","1","4","43","15","1","0"
"C2048","108~CloneInstance","C483","L103","C:\Users\tiaru\Desktop\SourceMeter-10.0.0-x64-Windows\Java\Apache1.3\jakarta-ant-1.3\src\testcases\org\apache\tools\ant\IntrospectionHelperTest.java","266","9","280","10","1","4","43","15","1","0"
"C2049","110~CloneInstance","C484","L103","C:\Users\tiaru\Desktop\SourceMeter-10.0.0-x64-Windows\Java\Apache1.3\jakarta-ant-1.3\src\testcases\org\apache\tools\ant\IntrospectionHelperTest.java","251","9","260","10","1","3","41","10","1","0"
"C2050","111~CloneInstance","C484","L103","C:\Users\tiaru\Desktop\SourceMeter-10.0.0-x64-Windows\Java\Apache1.3\jakarta-ant-1.3\src\testcases\org\apache\tools\ant\IntrospectionHelperTest.java","261","9","270","10","1","3","41","10","1","0"
"C2051","112~CloneInstance","C484","L103","C:\Users\tiaru\Desktop\SourceMeter-10.0.0-x64-Windows\Java\Apache1.3\jakarta-ant-1.3\src\testcases\org\apache\tools\ant\IntrospectionHelperTest.java","271","9","280","10","1","3","41","10","1","0"
"C2058","114~CloneInstance","C486","L103","C:\Users\tiaru\Desktop\SourceMeter-10.0.0-x64-Windows\Java\Apache1.3\jakarta-ant-1.3\src\testcases\org\apache\tools\ant\IntrospectionHelperTest.java","282","9","308","10","1","5","51","27","1","0"
"C2059","115~CloneInstance","C486","L103","C:\Users\tiaru\Desktop\SourceMeter-10.0.0-x64-Windows\Java\Apache1.3\jakarta-ant-1.3\src\testcases\org\apache\tools\ant\IntrospectionHelperTest.java","330","9","356","10","1","5","51","27","1","0"
"C2060","117~CloneInstance","C487","L103","C:\Users\tiaru\Desktop\SourceMeter-10.0.0-x64-Windows\Java\Apache1.3\jakarta-ant-1.3\src\testcases\org\apache\tools\ant\IntrospectionHelperTest.java","282","9","301","10","1","4","47","20","1","0"
"C2061","118~CloneInstance","C487","L103","C:\Users\tiaru\Desktop\SourceMeter-10.0.0-x64-Windows\Java\Apache1.3\jakarta-ant-1.3\src\testcases\org\apache\tools\ant\IntrospectionHelperTest.java","303","9","322","10","1","4","47","20","1","0"
"C2062","119~CloneInstance","C487","L103","C:\Users\tiaru\Desktop\SourceMeter-10.0.0-x64-Windows\Java\Apache1.3\jakarta-ant-1.3\src\testcases\org\apache\tools\ant\IntrospectionHelperTest.java","330","9","349","10","1","4","47","20","1","0"
"C2063","121~CloneInstance","C488","L103","C:\Users\tiaru\Desktop\SourceMeter-10.0.0-x64-Windows\Java\Apache1.3\jakarta-ant-1.3\src\testcases\org\apache\tools\ant\IntrospectionHelperTest.java","282","9","294","10","1","3","43","13","1","0"
"C2064","122~CloneInstance","C488","L103","C:\Users\tiaru\Desktop\SourceMeter-10.0.0-x64-Windows\Java\Apache1.3\jakarta-ant-1.3\src\testcases\org\apache\tools\ant\IntrospectionHelperTest.java","296","9","308","10","1","3","43","13","1","0"
"C2065","123~CloneInstance","C488","L103","C:\Users\tiaru\Desktop\SourceMeter-10.0.0-x64-Windows\Java\Apache1.3\jakarta-ant-1.3\src\testcases\org\apache\tools\ant\IntrospectionHelperTest.java","310","9","322","10","1","3","43","13","1","0"
"C2066","124~CloneInstance","C488","L103","C:\Users\tiaru\Desktop\SourceMeter-10.0.0-x64-Windows\Java\Apache1.3\jakarta-ant-1.3\src\testcases\org\apache\tools\ant\IntrospectionHelperTest.java","330","9","342","10","1","3","43","13","1","0"
"C2067","125~CloneInstance","C488","L103","C:\Users\tiaru\Desktop\SourceMeter-10.0.0-x64-Windows\Java\Apache1.3\jakarta-ant-1.3\src\testcases\org\apache\tools\ant\IntrospectionHelperTest.java","344","9","356","10","1","3","43","13","1","0"
"C1300","23~CloneInstance","C218","L103","C:\Users\tiaru\Desktop\SourceMeter-10.0.0-x64-Windows\Java\Apache1.3\jakarta-ant-1.3\src\testcases\org\apache\tools\ant\IntrospectionHelperTest.java","370","9","381","40","1","2","28","12","1","0"
"C2779","271~CloneInstance","C757","L103","C:\Users\tiaru\Desktop\SourceMeter-10.0.0-x64-Windows\Java\Apache1.3\jakarta-ant-1.3\src\main\org\apache\tools\ant\ProjectHelper.java","486","9","496","10","1","3","11","11","1","0"
"C2780","272~CloneInstance","C757","L103","C:\Users\tiaru\Desktop\SourceMeter-10.0.0-x64-Windows\Java\Apache1.3\jakarta-ant-1.3\src\main\org\apache\tools\ant\ProjectHelper.java","552","9","562","10","1","3","9","11","1","0"
"C1344","36~CloneInstance","C235","L103","C:\Users\tiaru\Desktop\SourceMeter-10.0.0-x64-Windows\Java\Apache1.3\jakarta-ant-1.3\src\main\org\apache\tools\ant\taskdefs\Copy.java","349","13","360","14","1","4","13","12","1","0"
"C2746","248~CloneInstance","C742","L103","C:\Users\tiaru\Desktop\SourceMeter-10.0.0-x64-Windows\Java\Apache1.3\jakarta-ant-1.3\src\main\org\apache\tools\ant\taskdefs\Copydir.java","99","9","117","10","1","5","27","19","1","0"
"C2745","247~CloneInstance","C742","L103","C:\Users\tiaru\Desktop\SourceMeter-10.0.0-x64-Windows\Java\Apache1.3\jakarta-ant-1.3\src\main\org\apache\tools\ant\taskdefs\Copyfile.java","93","9","110","10","1","5","27","18","1","0"
"C1983","97~CloneInstance","C459","L103","C:\Users\tiaru\Desktop\SourceMeter-10.0.0-x64-Windows\Java\Apache1.3\jakarta-ant-1.3\src\main\org\apache\tools\ant\taskdefs\Cvs.java","124","9","133","10","1","4","16","10","1","0"
"C2411","197~CloneInstance","C616","L103","C:\Users\tiaru\Desktop\SourceMeter-10.0.0-x64-Windows\Java\Apache1.3\jakarta-ant-1.3\src\main\org\apache\tools\ant\taskdefs\Cvs.java","184","19","195","10","1","5","4","12","1","0"
"C2414","201~CloneInstance","C617","L103","C:\Users\tiaru\Desktop\SourceMeter-10.0.0-x64-Windows\Java\Apache1.3\jakarta-ant-1.3\src\main\org\apache\tools\ant\taskdefs\Cvs.java","185","13","194","14","1","5","4","10","1","0"
"C2661","223~CloneInstance","C707","L103","C:\Users\tiaru\Desktop\SourceMeter-10.0.0-x64-Windows\Java\Apache1.3\jakarta-ant-1.3\src\main\org\apache\tools\ant\taskdefs\Cvs.java","149","13","158","14","1","3","22","10","1","0"
"C2662","224~CloneInstance","C707","L103","C:\Users\tiaru\Desktop\SourceMeter-10.0.0-x64-Windows\Java\Apache1.3\jakarta-ant-1.3\src\main\org\apache\tools\ant\taskdefs\Cvs.java","159","13","168","14","1","3","22","10","1","0"
"C2380","194~CloneInstance","C600","L103","C:\Users\tiaru\Desktop\SourceMeter-10.0.0-x64-Windows\Java\Apache1.3\jakarta-ant-1.3\src\main\org\apache\tools\ant\taskdefs\ExecuteOn.java","148","21","159","22","1","3","42","12","1","0"
"C2381","195~CloneInstance","C600","L103","C:\Users\tiaru\Desktop\SourceMeter-10.0.0-x64-Windows\Java\Apache1.3\jakarta-ant-1.3\src\main\org\apache\tools\ant\taskdefs\ExecuteOn.java","164","25","175","26","1","3","42","12","1","0"
"C2605","218~CloneInstance","C686","L103","C:\Users\tiaru\Desktop\SourceMeter-10.0.0-x64-Windows\Java\Apache1.3\jakarta-ant-1.3\src\main\org\apache\tools\ant\taskdefs\Expand.java","122","21","139","22","1","3","15","18","1","0"
"C2894","299~CloneInstance","C801","L103","C:\Users\tiaru\Desktop\SourceMeter-10.0.0-x64-Windows\Java\Apache1.3\jakarta-ant-1.3\src\main\org\apache\tools\ant\taskdefs\FixCRLF.java","146","5","156","6","1","3","4","11","1","0"
"C2895","300~CloneInstance","C801","L103","C:\Users\tiaru\Desktop\SourceMeter-10.0.0-x64-Windows\Java\Apache1.3\jakarta-ant-1.3\src\main\org\apache\tools\ant\taskdefs\FixCRLF.java","168","5","178","6","1","3","4","11","1","0"
"C2896","301~CloneInstance","C801","L103","C:\Users\tiaru\Desktop\SourceMeter-10.0.0-x64-Windows\Java\Apache1.3\jakarta-ant-1.3\src\main\org\apache\tools\ant\taskdefs\FixCRLF.java","203","5","213","6","1","3","4","11","1","0"
"C1915","87~CloneInstance","C430","L103","C:\Users\tiaru\Desktop\SourceMeter-10.0.0-x64-Windows\Java\Apache1.3\jakarta-ant-1.3\src\main\org\apache\tools\ant\taskdefs\GenerateKey.java","266","9","278","10","1","3","10","13","1","0"
"C1916","88~CloneInstance","C430","L103","C:\Users\tiaru\Desktop\SourceMeter-10.0.0-x64-Windows\Java\Apache1.3\jakarta-ant-1.3\src\main\org\apache\tools\ant\taskdefs\GenerateKey.java","305","9","317","10","1","3","9","13","1","0"
"C1995","100~CloneInstance","C465","L103","C:\Users\tiaru\Desktop\SourceMeter-10.0.0-x64-Windows\Java\Apache1.3\jakarta-ant-1.3\src\main\org\apache\tools\ant\taskdefs\GenerateKey.java","268","9","278","10","1","3","9","11","1","0"
"C1996","101~CloneInstance","C465","L103","C:\Users\tiaru\Desktop\SourceMeter-10.0.0-x64-Windows\Java\Apache1.3\jakarta-ant-1.3\src\main\org\apache\tools\ant\taskdefs\GenerateKey.java","280","9","290","10","1","3","8","11","1","0"
"C1997","102~CloneInstance","C465","L103","C:\Users\tiaru\Desktop\SourceMeter-10.0.0-x64-Windows\Java\Apache1.3\jakarta-ant-1.3\src\main\org\apache\tools\ant\taskdefs\GenerateKey.java","307","9","317","10","1","3","8","11","1","0"
"C2412","198~CloneInstance","C616","L103","C:\Users\tiaru\Desktop\SourceMeter-10.0.0-x64-Windows\Java\Apache1.3\jakarta-ant-1.3\src\main\org\apache\tools\ant\taskdefs\GUnzip.java","129","23","140","14","1","5","4","12","1","0"
"C2415","202~CloneInstance","C617","L103","C:\Users\tiaru\Desktop\SourceMeter-10.0.0-x64-Windows\Java\Apache1.3\jakarta-ant-1.3\src\main\org\apache\tools\ant\taskdefs\GUnzip.java","130","17","139","18","1","5","4","10","1","0"
"C921","7~CloneInstance","C111","L103","C:\Users\tiaru\Desktop\SourceMeter-10.0.0-x64-Windows\Java\Apache1.3\jakarta-ant-1.3\src\main\org\apache\tools\ant\taskdefs\GZip.java","103","11","114","10","1","4","11","12","1","0"
"C2816","284~CloneInstance","C772","L103","C:\Users\tiaru\Desktop\SourceMeter-10.0.0-x64-Windows\Java\Apache1.3\jakarta-ant-1.3\src\main\org\apache\tools\ant\taskdefs\Jar.java","84","5","95","6","1","2","13","12","1","0"
"C2941","317~CloneInstance","C819","L103","C:\Users\tiaru\Desktop\SourceMeter-10.0.0-x64-Windows\Java\Apache1.3\jakarta-ant-1.3\src\main\org\apache\tools\ant\taskdefs\Jar.java","114","5","132","6","1","3","18","19","1","0"
"C2786","278~CloneInstance","C760","L103","C:\Users\tiaru\Desktop\SourceMeter-10.0.0-x64-Windows\Java\Apache1.3\jakarta-ant-1.3\src\main\org\apache\tools\ant\taskdefs\JavacOutputStream.java","92","5","102","6","1","3","3","11","1","0"
"C1345","37~CloneInstance","C235","L103","C:\Users\tiaru\Desktop\SourceMeter-10.0.0-x64-Windows\Java\Apache1.3\jakarta-ant-1.3\src\main\org\apache\tools\ant\taskdefs\Move.java","117","13","128","14","1","4","13","12","1","0"
"C2181","157~CloneInstance","C526","L103","C:\Users\tiaru\Desktop\SourceMeter-10.0.0-x64-Windows\Java\Apache1.3\jakarta-ant-1.3\src\main\org\apache\tools\ant\taskdefs\Rmic.java","315","9","324","10","1","2","20","10","1","0"
"C2182","158~CloneInstance","C526","L103","C:\Users\tiaru\Desktop\SourceMeter-10.0.0-x64-Windows\Java\Apache1.3\jakarta-ant-1.3\src\main\org\apache\tools\ant\taskdefs\Rmic.java","327","13","336","14","1","2","20","10","1","0"
"C2007","104~CloneInstance","C469","L103","C:\Users\tiaru\Desktop\SourceMeter-10.0.0-x64-Windows\Java\Apache1.3\jakarta-ant-1.3\src\main\org\apache\tools\ant\taskdefs\SignJar.java","158","9","171","10","1","4","15","14","1","0"
"C2008","105~CloneInstance","C469","L103","C:\Users\tiaru\Desktop\SourceMeter-10.0.0-x64-Windows\Java\Apache1.3\jakarta-ant-1.3\src\main\org\apache\tools\ant\taskdefs\SignJar.java","173","9","186","10","1","4","15","14","1","0"
"C2696","236~CloneInstance","C723","L103","C:\Users\tiaru\Desktop\SourceMeter-10.0.0-x64-Windows\Java\Apache1.3\jakarta-ant-1.3\src\main\org\apache\tools\ant\taskdefs\SignJar.java","139","9","149","10","1","4","3","11","1","0"
"C922","8~CloneInstance","C111","L103","C:\Users\tiaru\Desktop\SourceMeter-10.0.0-x64-Windows\Java\Apache1.3\jakarta-ant-1.3\src\main\org\apache\tools\ant\taskdefs\Tar.java","221","11","232","10","1","4","16","12","1","0"
"C2785","277~CloneInstance","C760","L103","C:\Users\tiaru\Desktop\SourceMeter-10.0.0-x64-Windows\Java\Apache1.3\jakarta-ant-1.3\src\main\org\apache\tools\ant\taskdefs\TaskOutputStream.java","97","5","107","6","1","3","3","11","1","0"
"C2604","217~CloneInstance","C686","L103","C:\Users\tiaru\Desktop\SourceMeter-10.0.0-x64-Windows\Java\Apache1.3\jakarta-ant-1.3\src\main\org\apache\tools\ant\taskdefs\Untar.java","108","21","125","22","1","3","25","18","1","0"
"C2815","283~CloneInstance","C772","L103","C:\Users\tiaru\Desktop\SourceMeter-10.0.0-x64-Windows\Java\Apache1.3\jakarta-ant-1.3\src\main\org\apache\tools\ant\taskdefs\War.java","84","5","95","6","1","2","13","12","1","0"
"C2940","316~CloneInstance","C819","L103","C:\Users\tiaru\Desktop\SourceMeter-10.0.0-x64-Windows\Java\Apache1.3\jakarta-ant-1.3\src\main\org\apache\tools\ant\taskdefs\War.java","126","5","144","6","1","3","14","19","1","0"
"C2441","206~CloneInstance","C628","L103","C:\Users\tiaru\Desktop\SourceMeter-10.0.0-x64-Windows\Java\Apache1.3\jakarta-ant-1.3\src\main\org\apache\tools\ant\types\FileSet.java","272","41","286","6","1","3","19","15","1","0"
"C3025","363~CloneInstance","C846","L103","C:\Users\tiaru\Desktop\SourceMeter-10.0.0-x64-Windows\Java\Apache1.3\jakarta-ant-1.3\src\main\org\apache\tools\ant\types\FileSet.java","272","5","286","6","1","3","21","15","1","0"
"C2440","205~CloneInstance","C628","L103","C:\Users\tiaru\Desktop\SourceMeter-10.0.0-x64-Windows\Java\Apache1.3\jakarta-ant-1.3\src\main\org\apache\tools\ant\types\Mapper.java","227","31","241","6","1","3","19","15","1","0"
"C2874","293~CloneInstance","C793","L103","C:\Users\tiaru\Desktop\SourceMeter-10.0.0-x64-Windows\Java\Apache1.3\jakarta-ant-1.3\src\main\org\apache\tools\ant\types\PatternSet.java","170","5","180","6","1","4","59","11","1","0"
"C2875","294~CloneInstance","C793","L103","C:\Users\tiaru\Desktop\SourceMeter-10.0.0-x64-Windows\Java\Apache1.3\jakarta-ant-1.3\src\main\org\apache\tools\ant\types\PatternSet.java","188","5","198","6","1","4","31","11","1","0"
"C2806","280~CloneInstance","C768","L103","C:\Users\tiaru\Desktop\SourceMeter-10.0.0-x64-Windows\Java\Apache1.3\jakarta-ant-1.3\src\main\org\apache\tools\ant\types\PatternSet.java","214","6","223","7","1","3","24","10","1","0"
"C2807","281~CloneInstance","C768","L103","C:\Users\tiaru\Desktop\SourceMeter-10.0.0-x64-Windows\Java\Apache1.3\jakarta-ant-1.3\src\main\org\apache\tools\ant\types\PatternSet.java","230","6","239","7","1","3","24","10","1","0"
"C2439","204~CloneInstance","C628","L103","C:\Users\tiaru\Desktop\SourceMeter-10.0.0-x64-Windows\Java\Apache1.3\jakarta-ant-1.3\src\main\org\apache\tools\ant\types\PatternSet.java","330","42","344","6","1","3","19","15","1","0"
"C3024","362~CloneInstance","C846","L103","C:\Users\tiaru\Desktop\SourceMeter-10.0.0-x64-Windows\Java\Apache1.3\jakarta-ant-1.3\src\main\org\apache\tools\ant\types\PatternSet.java","330","5","344","6","1","3","19","15","1","0"
"C1252","16~CloneInstance","C199","L103","C:\Users\tiaru\Desktop\SourceMeter-10.0.0-x64-Windows\Java\Apache1.3\jakarta-ant-1.3\src\testcases\org\apache\tools\ant\types\CommandlineTest.java","88","9","98","77","1","1","65","11","1","0"
"C1253","17~CloneInstance","C199","L103","C:\Users\tiaru\Desktop\SourceMeter-10.0.0-x64-Windows\Java\Apache1.3\jakarta-ant-1.3\src\testcases\org\apache\tools\ant\types\CommandlineTest.java","100","9","112","28","1","1","65","13","1","0"
"C1314","25~CloneInstance","C225","L103","C:\Users\tiaru\Desktop\SourceMeter-10.0.0-x64-Windows\Java\Apache1.3\jakarta-ant-1.3\src\testcases\org\apache\tools\ant\types\FileSetTest.java","154","9","167","10","1","3","43","14","1","0"
"C1403","45~CloneInstance","C254","L103","C:\Users\tiaru\Desktop\SourceMeter-10.0.0-x64-Windows\Java\Apache1.3\jakarta-ant-1.3\src\testcases\org\apache\tools\ant\types\FileSetTest.java","126","9","146","10","1","4","30","21","1","0"
"C1405","48~CloneInstance","C255","L103","C:\Users\tiaru\Desktop\SourceMeter-10.0.0-x64-Windows\Java\Apache1.3\jakarta-ant-1.3\src\testcases\org\apache\tools\ant\types\FileSetTest.java","126","9","139","10","1","3","29","14","1","0"
"C1410","55~CloneInstance","C257","L103","C:\Users\tiaru\Desktop\SourceMeter-10.0.0-x64-Windows\Java\Apache1.3\jakarta-ant-1.3\src\testcases\org\apache\tools\ant\types\FileSetTest.java","119","9","132","10","1","3","29","14","1","0"
"C1411","56~CloneInstance","C257","L103","C:\Users\tiaru\Desktop\SourceMeter-10.0.0-x64-Windows\Java\Apache1.3\jakarta-ant-1.3\src\testcases\org\apache\tools\ant\types\FileSetTest.java","133","9","146","10","1","3","29","14","1","0"
"C2080","127~CloneInstance","C491","L103","C:\Users\tiaru\Desktop\SourceMeter-10.0.0-x64-Windows\Java\Apache1.3\jakarta-ant-1.3\src\testcases\org\apache\tools\ant\types\FileSetTest.java","109","9","125","10","1","3","45","17","1","0"
"C2767","262~CloneInstance","C752","L103","C:\Users\tiaru\Desktop\SourceMeter-10.0.0-x64-Windows\Java\Apache1.3\jakarta-ant-1.3\src\testcases\org\apache\tools\ant\types\FileSetTest.java","87","9","97","27","1","2","56","11","1","0"
"C2769","265~CloneInstance","C753","L103","C:\Users\tiaru\Desktop\SourceMeter-10.0.0-x64-Windows\Java\Apache1.3\jakarta-ant-1.3\src\testcases\org\apache\tools\ant\types\FileSetTest.java","178","9","230","44","1","5","80","53","1","1"
"C3072","365~CloneInstance","C867","L103","C:\Users\tiaru\Desktop\SourceMeter-10.0.0-x64-Windows\Java\Apache1.3\jakarta-ant-1.3\src\testcases\org\apache\tools\ant\types\FileSetTest.java","178","9","194","10","1","3","70","17","1","0"
"C3073","366~CloneInstance","C867","L103","C:\Users\tiaru\Desktop\SourceMeter-10.0.0-x64-Windows\Java\Apache1.3\jakarta-ant-1.3\src\testcases\org\apache\tools\ant\types\FileSetTest.java","203","9","219","10","1","3","75","17","1","0"
"C2087","130~CloneInstance","C494","L103","C:\Users\tiaru\Desktop\SourceMeter-10.0.0-x64-Windows\Java\Apache1.3\jakarta-ant-1.3\src\testcases\org\apache\tools\ant\types\MapperTest.java","89","9","98","47","1","2","58","10","1","0"
"C1926","90~CloneInstance","C435","L103","C:\Users\tiaru\Desktop\SourceMeter-10.0.0-x64-Windows\Java\Apache1.3\jakarta-ant-1.3\src\testcases\org\apache\tools\ant\types\MapperTest.java","147","9","160","44","1","2","76","14","1","0"
"C2771","268~CloneInstance","C754","L103","C:\Users\tiaru\Desktop\SourceMeter-10.0.0-x64-Windows\Java\Apache1.3\jakarta-ant-1.3\src\testcases\org\apache\tools\ant\types\MapperTest.java","128","9","141","44","1","2","78","14","1","0"
"C3076","370~CloneInstance","C868","L103","C:\Users\tiaru\Desktop\SourceMeter-10.0.0-x64-Windows\Java\Apache1.3\jakarta-ant-1.3\src\testcases\org\apache\tools\ant\types\MapperTest.java","128","9","137","10","1","2","70","10","1","0"
"C3077","371~CloneInstance","C868","L103","C:\Users\tiaru\Desktop\SourceMeter-10.0.0-x64-Windows\Java\Apache1.3\jakarta-ant-1.3\src\testcases\org\apache\tools\ant\types\MapperTest.java","146","9","155","10","1","2","76","10","1","0"
"C899","1~CloneInstance","C106","L103","C:\Users\tiaru\Desktop\SourceMeter-10.0.0-x64-Windows\Java\Apache1.3\jakarta-ant-1.3\src\testcases\org\apache\tools\ant\types\PathTest.java","123","9","133","10","1","2","37","11","1","0"
"C900","2~CloneInstance","C106","L103","C:\Users\tiaru\Desktop\SourceMeter-10.0.0-x64-Windows\Java\Apache1.3\jakarta-ant-1.3\src\testcases\org\apache\tools\ant\types\PathTest.java","135","9","145","10","1","2","37","11","1","0"
"C1280","19~CloneInstance","C211","L103","C:\Users\tiaru\Desktop\SourceMeter-10.0.0-x64-Windows\Java\Apache1.3\jakarta-ant-1.3\src\testcases\org\apache\tools\ant\types\PathTest.java","233","9","248","10","1","3","44","16","1","0"
"C1315","26~CloneInstance","C225","L103","C:\Users\tiaru\Desktop\SourceMeter-10.0.0-x64-Windows\Java\Apache1.3\jakarta-ant-1.3\src\testcases\org\apache\tools\ant\types\PathTest.java","250","9","264","10","1","3","43","15","1","0"
"C1406","49~CloneInstance","C255","L103","C:\Users\tiaru\Desktop\SourceMeter-10.0.0-x64-Windows\Java\Apache1.3\jakarta-ant-1.3\src\testcases\org\apache\tools\ant\types\PathTest.java","234","9","248","10","1","3","29","15","1","0"
"C2088","131~CloneInstance","C494","L103","C:\Users\tiaru\Desktop\SourceMeter-10.0.0-x64-Windows\Java\Apache1.3\jakarta-ant-1.3\src\testcases\org\apache\tools\ant\types\PathTest.java","214","9","223","39","1","2","58","10","1","0"
"C2089","132~CloneInstance","C494","L103","C:\Users\tiaru\Desktop\SourceMeter-10.0.0-x64-Windows\Java\Apache1.3\jakarta-ant-1.3\src\testcases\org\apache\tools\ant\types\PathTest.java","224","9","233","47","1","2","58","10","1","0"
"C1927","91~CloneInstance","C435","L103","C:\Users\tiaru\Desktop\SourceMeter-10.0.0-x64-Windows\Java\Apache1.3\jakarta-ant-1.3\src\testcases\org\apache\tools\ant\types\PathTest.java","293","9","305","44","1","2","62","13","1","0"
"C2772","269~CloneInstance","C754","L103","C:\Users\tiaru\Desktop\SourceMeter-10.0.0-x64-Windows\Java\Apache1.3\jakarta-ant-1.3\src\testcases\org\apache\tools\ant\types\PathTest.java","276","9","289","44","1","2","64","14","1","0"
"C3078","372~CloneInstance","C868","L103","C:\Users\tiaru\Desktop\SourceMeter-10.0.0-x64-Windows\Java\Apache1.3\jakarta-ant-1.3\src\testcases\org\apache\tools\ant\types\PathTest.java","276","9","285","10","1","2","56","10","1","0"
"C1281","20~CloneInstance","C211","L103","C:\Users\tiaru\Desktop\SourceMeter-10.0.0-x64-Windows\Java\Apache1.3\jakarta-ant-1.3\src\testcases\org\apache\tools\ant\types\PatternSetTest.java","108","9","122","10","1","3","44","15","1","0"
"C1316","27~CloneInstance","C225","L103","C:\Users\tiaru\Desktop\SourceMeter-10.0.0-x64-Windows\Java\Apache1.3\jakarta-ant-1.3\src\testcases\org\apache\tools\ant\types\PatternSetTest.java","130","9","143","10","1","3","43","14","1","0"
"C1404","46~CloneInstance","C254","L103","C:\Users\tiaru\Desktop\SourceMeter-10.0.0-x64-Windows\Java\Apache1.3\jakarta-ant-1.3\src\testcases\org\apache\tools\ant\types\PatternSetTest.java","109","9","129","10","1","4","30","21","1","0"
"C1407","50~CloneInstance","C255","L103","C:\Users\tiaru\Desktop\SourceMeter-10.0.0-x64-Windows\Java\Apache1.3\jakarta-ant-1.3\src\testcases\org\apache\tools\ant\types\PatternSetTest.java","109","9","122","10","1","3","29","14","1","0"
"C1412","57~CloneInstance","C257","L103","C:\Users\tiaru\Desktop\SourceMeter-10.0.0-x64-Windows\Java\Apache1.3\jakarta-ant-1.3\src\testcases\org\apache\tools\ant\types\PatternSetTest.java","116","9","129","10","1","3","29","14","1","0"
"C2081","128~CloneInstance","C491","L103","C:\Users\tiaru\Desktop\SourceMeter-10.0.0-x64-Windows\Java\Apache1.3\jakarta-ant-1.3\src\testcases\org\apache\tools\ant\types\PatternSetTest.java","89","9","105","10","1","3","45","17","1","0"
"C2768","263~CloneInstance","C752","L103","C:\Users\tiaru\Desktop\SourceMeter-10.0.0-x64-Windows\Java\Apache1.3\jakarta-ant-1.3\src\testcases\org\apache\tools\ant\types\PatternSetTest.java","87","9","97","30","1","2","50","11","1","0"
"C2770","266~CloneInstance","C753","L103","C:\Users\tiaru\Desktop\SourceMeter-10.0.0-x64-Windows\Java\Apache1.3\jakarta-ant-1.3\src\testcases\org\apache\tools\ant\types\PatternSetTest.java","147","9","199","44","1","5","69","53","1","1"
"C3074","367~CloneInstance","C867","L103","C:\Users\tiaru\Desktop\SourceMeter-10.0.0-x64-Windows\Java\Apache1.3\jakarta-ant-1.3\src\testcases\org\apache\tools\ant\types\PatternSetTest.java","147","9","163","10","1","3","57","17","1","0"
"C3075","368~CloneInstance","C867","L103","C:\Users\tiaru\Desktop\SourceMeter-10.0.0-x64-Windows\Java\Apache1.3\jakarta-ant-1.3\src\testcases\org\apache\tools\ant\types\PatternSetTest.java","172","9","188","10","1","3","64","17","1","0"
"C2761","259~CloneInstance","C750","L103","C:\Users\tiaru\Desktop\SourceMeter-10.0.0-x64-Windows\Java\Apache1.3\jakarta-ant-1.3\src\testcases\org\apache\tools\ant\util\GlobPatternMapperTest.java","83","5","97","6","1","1","14","15","1","0"
"C2762","260~CloneInstance","C750","L103","C:\Users\tiaru\Desktop\SourceMeter-10.0.0-x64-Windows\Java\Apache1.3\jakarta-ant-1.3\src\testcases\org\apache\tools\ant\util\GlobPatternMapperTest.java","99","5","113","6","1","1","14","15","1","0"
"C939","10~CloneInstance","C120","L103","C:\Users\tiaru\Desktop\SourceMeter-10.0.0-x64-Windows\Java\Apache1.3\jakarta-ant-1.3\src\antidote\org\apache\tools\ant\gui\acs\ACSProjectElementBeanInfo.java","111","13","120","37","1","1","29","10","1","0"
"C940","11~CloneInstance","C120","L103","C:\Users\tiaru\Desktop\SourceMeter-10.0.0-x64-Windows\Java\Apache1.3\jakarta-ant-1.3\src\antidote\org\apache\tools\ant\gui\acs\ACSTargetElementBeanInfo.java","121","13","130","37","1","1","29","10","1","0"
"C3012","350~CloneInstance","C840","L103","C:\Users\tiaru\Desktop\SourceMeter-10.0.0-x64-Windows\Java\Apache1.3\jakarta-ant-1.3\src\antidote\org\apache\tools\ant\gui\customizer\DoublePropertyEditor.java","126","5","136","6","1","2","2","11","1","0"
"C2899","303~CloneInstance","C803","L103","C:\Users\tiaru\Desktop\SourceMeter-10.0.0-x64-Windows\Java\Apache1.3\jakarta-ant-1.3\src\antidote\org\apache\tools\ant\gui\customizer\DoublePropertyEditor.java","145","5","156","6","1","2","2","12","1","0"
"C3013","351~CloneInstance","C840","L103","C:\Users\tiaru\Desktop\SourceMeter-10.0.0-x64-Windows\Java\Apache1.3\jakarta-ant-1.3\src\antidote\org\apache\tools\ant\gui\customizer\IntegerPropertyEditor.java","126","5","136","6","1","2","2","11","1","0"
"C2900","304~CloneInstance","C803","L103","C:\Users\tiaru\Desktop\SourceMeter-10.0.0-x64-Windows\Java\Apache1.3\jakarta-ant-1.3\src\antidote\org\apache\tools\ant\gui\customizer\IntegerPropertyEditor.java","145","5","156","6","1","2","2","12","1","0"
"C2953","323~CloneInstance","C824","L103","C:\Users\tiaru\Desktop\SourceMeter-10.0.0-x64-Windows\Java\Apache1.3\jakarta-ant-1.3\src\antidote\org\apache\tools\ant\gui\util\LabelFieldGBC.java","89","2","99","3","1","1","16","11","1","0"
"C2954","324~CloneInstance","C824","L103","C:\Users\tiaru\Desktop\SourceMeter-10.0.0-x64-Windows\Java\Apache1.3\jakarta-ant-1.3\src\antidote\org\apache\tools\ant\gui\util\LabelFieldGBC.java","119","2","129","3","1","1","16","11","1","0"
"C1982","96~CloneInstance","C459","L103","C:\Users\tiaru\Desktop\SourceMeter-10.0.0-x64-Windows\Java\Apache1.3\jakarta-ant-1.3\src\main\org\apache\tools\ant\taskdefs\compilers\DefaultCompilerAdapter.java","219","9","228","10","1","4","18","10","1","0"
"C2500","212~CloneInstance","C645","L103","C:\Users\tiaru\Desktop\SourceMeter-10.0.0-x64-Windows\Java\Apache1.3\jakarta-ant-1.3\src\main\org\apache\tools\ant\taskdefs\compilers\Javac13.java","102","11","111","10","1","3","12","10","1","0"
"C1984","98~CloneInstance","C459","L103","C:\Users\tiaru\Desktop\SourceMeter-10.0.0-x64-Windows\Java\Apache1.3\jakarta-ant-1.3\src\main\org\apache\tools\ant\taskdefs\compilers\Jikes.java","135","9","144","10","1","4","22","10","1","0"
"C2208","160~CloneInstance","C533","L103","C:\Users\tiaru\Desktop\SourceMeter-10.0.0-x64-Windows\Java\Apache1.3\jakarta-ant-1.3\src\main\org\apache\tools\ant\taskdefs\compilers\Jikes.java","164","9","175","82","1","2","25","12","1","0"
"C2209","161~CloneInstance","C533","L103","C:\Users\tiaru\Desktop\SourceMeter-10.0.0-x64-Windows\Java\Apache1.3\jakarta-ant-1.3\src\main\org\apache\tools\ant\taskdefs\compilers\Jikes.java","183","9","193","86","1","2","25","11","1","0"
"C2452","209~CloneInstance","C632","L103","C:\Users\tiaru\Desktop\SourceMeter-10.0.0-x64-Windows\Java\Apache1.3\jakarta-ant-1.3\src\main\org\apache\tools\ant\taskdefs\compilers\Jikes.java","86","9","113","31","1","3","38","28","1","0"
"C2451","208~CloneInstance","C632","L103","C:\Users\tiaru\Desktop\SourceMeter-10.0.0-x64-Windows\Java\Apache1.3\jakarta-ant-1.3\src\main\org\apache\tools\ant\taskdefs\compilers\Jvc.java","74","9","101","31","1","3","37","28","1","0"
"C2499","211~CloneInstance","C645","L103","C:\Users\tiaru\Desktop\SourceMeter-10.0.0-x64-Windows\Java\Apache1.3\jakarta-ant-1.3\src\main\org\apache\tools\ant\taskdefs\optional\Javah.java","331","9","340","10","1","3","14","10","1","0"
"C2697","237~CloneInstance","C723","L103","C:\Users\tiaru\Desktop\SourceMeter-10.0.0-x64-Windows\Java\Apache1.3\jakarta-ant-1.3\src\main\org\apache\tools\ant\taskdefs\optional\StyleBook.java","96","9","106","10","1","4","4","11","1","0"
"C2295","187~CloneInstance","C574","L103","C:\Users\tiaru\Desktop\SourceMeter-10.0.0-x64-Windows\Java\Apache1.3\jakarta-ant-1.3\src\main\org\apache\tools\ant\taskdefs\optional\clearcase\CCCheckin.java","126","5","149","6","1","3","48","24","1","0"
"C2299","192~CloneInstance","C575","L103","C:\Users\tiaru\Desktop\SourceMeter-10.0.0-x64-Windows\Java\Apache1.3\jakarta-ant-1.3\src\main\org\apache\tools\ant\taskdefs\optional\clearcase\CCCheckin.java","127","9","142","35","1","2","35","16","1","0"
"C2695","234~CloneInstance","C722","L103","C:\Users\tiaru\Desktop\SourceMeter-10.0.0-x64-Windows\Java\Apache1.3\jakarta-ant-1.3\src\main\org\apache\tools\ant\taskdefs\optional\clearcase\CCCheckin.java","156","9","166","10","1","3","20","11","1","0"
"C2865","290~CloneInstance","C789","L103","C:\Users\tiaru\Desktop\SourceMeter-10.0.0-x64-Windows\Java\Apache1.3\jakarta-ant-1.3\src\main\org\apache\tools\ant\taskdefs\optional\clearcase\CCCheckin.java","309","5","319","6","1","2","16","11","1","0"
"C2866","291~CloneInstance","C789","L103","C:\Users\tiaru\Desktop\SourceMeter-10.0.0-x64-Windows\Java\Apache1.3\jakarta-ant-1.3\src\main\org\apache\tools\ant\taskdefs\optional\clearcase\CCCheckin.java","328","5","338","6","1","2","16","11","1","0"
"C2293","185~CloneInstance","C574","L103","C:\Users\tiaru\Desktop\SourceMeter-10.0.0-x64-Windows\Java\Apache1.3\jakarta-ant-1.3\src\main\org\apache\tools\ant\taskdefs\optional\clearcase\CCCheckout.java","138","5","161","6","1","3","48","24","1","0"
"C2297","190~CloneInstance","C575","L103","C:\Users\tiaru\Desktop\SourceMeter-10.0.0-x64-Windows\Java\Apache1.3\jakarta-ant-1.3\src\main\org\apache\tools\ant\taskdefs\optional\clearcase\CCCheckout.java","139","9","154","35","1","2","35","16","1","0"
"C1132","13~CloneInstance","C161","L103","C:\Users\tiaru\Desktop\SourceMeter-10.0.0-x64-Windows\Java\Apache1.3\jakarta-ant-1.3\src\main\org\apache\tools\ant\taskdefs\optional\clearcase\CCCheckout.java","177","9","186","10","1","3","18","10","1","0"
"C1133","14~CloneInstance","C161","L103","C:\Users\tiaru\Desktop\SourceMeter-10.0.0-x64-Windows\Java\Apache1.3\jakarta-ant-1.3\src\main\org\apache\tools\ant\taskdefs\optional\clearcase\CCCheckout.java","188","9","197","10","1","3","18","10","1","0"
"C2694","233~CloneInstance","C722","L103","C:\Users\tiaru\Desktop\SourceMeter-10.0.0-x64-Windows\Java\Apache1.3\jakarta-ant-1.3\src\main\org\apache\tools\ant\taskdefs\optional\clearcase\CCCheckout.java","204","9","214","10","1","3","20","11","1","0"
"C2861","286~CloneInstance","C789","L103","C:\Users\tiaru\Desktop\SourceMeter-10.0.0-x64-Windows\Java\Apache1.3\jakarta-ant-1.3\src\main\org\apache\tools\ant\taskdefs\optional\clearcase\CCCheckout.java","371","5","381","6","1","2","16","11","1","0"
"C2862","287~CloneInstance","C789","L103","C:\Users\tiaru\Desktop\SourceMeter-10.0.0-x64-Windows\Java\Apache1.3\jakarta-ant-1.3\src\main\org\apache\tools\ant\taskdefs\optional\clearcase\CCCheckout.java","390","5","400","6","1","2","16","11","1","0"
"C2863","288~CloneInstance","C789","L103","C:\Users\tiaru\Desktop\SourceMeter-10.0.0-x64-Windows\Java\Apache1.3\jakarta-ant-1.3\src\main\org\apache\tools\ant\taskdefs\optional\clearcase\CCCheckout.java","410","5","420","6","1","2","16","11","1","0"
"C2864","289~CloneInstance","C789","L103","C:\Users\tiaru\Desktop\SourceMeter-10.0.0-x64-Windows\Java\Apache1.3\jakarta-ant-1.3\src\main\org\apache\tools\ant\taskdefs\optional\clearcase\CCCheckout.java","429","5","439","6","1","2","16","11","1","0"
"C2294","186~CloneInstance","C574","L103","C:\Users\tiaru\Desktop\SourceMeter-10.0.0-x64-Windows\Java\Apache1.3\jakarta-ant-1.3\src\main\org\apache\tools\ant\taskdefs\optional\clearcase\CCUnCheckout.java","96","5","119","6","1","3","48","24","1","0"
"C2298","191~CloneInstance","C575","L103","C:\Users\tiaru\Desktop\SourceMeter-10.0.0-x64-Windows\Java\Apache1.3\jakarta-ant-1.3\src\main\org\apache\tools\ant\taskdefs\optional\clearcase\CCUnCheckout.java","97","9","112","35","1","2","35","16","1","0"
"C2296","189~CloneInstance","C575","L103","C:\Users\tiaru\Desktop\SourceMeter-10.0.0-x64-Windows\Java\Apache1.3\jakarta-ant-1.3\src\main\org\apache\tools\ant\taskdefs\optional\clearcase\CCUpdate.java","128","9","144","35","1","2","36","17","1","0"
"C2290","183~CloneInstance","C572","L103","C:\Users\tiaru\Desktop\SourceMeter-10.0.0-x64-Windows\Java\Apache1.3\jakarta-ant-1.3\src\main\org\apache\tools\ant\taskdefs\optional\ejb\DDCreator.java","102","9","111","10","1","3","11","10","1","0"
"C2289","182~CloneInstance","C572","L103","C:\Users\tiaru\Desktop\SourceMeter-10.0.0-x64-Windows\Java\Apache1.3\jakarta-ant-1.3\src\main\org\apache\tools\ant\taskdefs\optional\ejb\Ejbc.java","113","9","122","10","1","3","11","10","1","0"
"C919","4~CloneInstance","C110","L103","C:\Users\tiaru\Desktop\SourceMeter-10.0.0-x64-Windows\Java\Apache1.3\jakarta-ant-1.3\src\main\org\apache\tools\ant\taskdefs\optional\ejb\EjbJar.java","417","9","427","10","1","3","5","11","1","0"
"C920","5~CloneInstance","C110","L103","C:\Users\tiaru\Desktop\SourceMeter-10.0.0-x64-Windows\Java\Apache1.3\jakarta-ant-1.3\src\main\org\apache\tools\ant\taskdefs\optional\ejb\WeblogicDeploymentTool.java","599","9","611","10","1","3","5","13","1","0"
"C2413","200~CloneInstance","C617","L103","C:\Users\tiaru\Desktop\SourceMeter-10.0.0-x64-Windows\Java\Apache1.3\jakarta-ant-1.3\src\main\org\apache\tools\ant\taskdefs\optional\ejb\WeblogicDeploymentTool.java","614","13","626","14","1","5","4","13","1","0"
"C2757","253~CloneInstance","C748","L103","C:\Users\tiaru\Desktop\SourceMeter-10.0.0-x64-Windows\Java\Apache1.3\jakarta-ant-1.3\src\main\org\apache\tools\ant\taskdefs\optional\ide\VAJAntToolGUI.java","457","2","471","3","1","4","13","15","1","0"
"C2758","254~CloneInstance","C748","L103","C:\Users\tiaru\Desktop\SourceMeter-10.0.0-x64-Windows\Java\Apache1.3\jakarta-ant-1.3\src\main\org\apache\tools\ant\taskdefs\optional\ide\VAJAntToolGUI.java","488","2","502","3","1","4","11","15","1","0"
"C3014","353~CloneInstance","C841","L103","C:\Users\tiaru\Desktop\SourceMeter-10.0.0-x64-Windows\Java\Apache1.3\jakarta-ant-1.3\src\main\org\apache\tools\ant\taskdefs\optional\ide\VAJAntToolGUI.java","540","2","554","3","1","5","3","15","1","0"
"C2965","331~CloneInstance","C828","L103","C:\Users\tiaru\Desktop\SourceMeter-10.0.0-x64-Windows\Java\Apache1.3\jakarta-ant-1.3\src\main\org\apache\tools\ant\taskdefs\optional\ide\VAJAntToolGUI.java","576","2","588","3","1","3","8","13","1","0"
"C2966","332~CloneInstance","C828","L103","C:\Users\tiaru\Desktop\SourceMeter-10.0.0-x64-Windows\Java\Apache1.3\jakarta-ant-1.3\src\main\org\apache\tools\ant\taskdefs\optional\ide\VAJAntToolGUI.java","593","2","605","3","1","3","8","13","1","0"
"C1591","66~CloneInstance","C306","L103","C:\Users\tiaru\Desktop\SourceMeter-10.0.0-x64-Windows\Java\Apache1.3\jakarta-ant-1.3\src\main\org\apache\tools\ant\taskdefs\optional\ide\VAJAntToolGUI.java","659","5","668","67","1","1","12","10","1","0"
"C2961","326~CloneInstance","C827","L103","C:\Users\tiaru\Desktop\SourceMeter-10.0.0-x64-Windows\Java\Apache1.3\jakarta-ant-1.3\src\main\org\apache\tools\ant\taskdefs\optional\ide\VAJAntToolGUI.java","689","2","699","3","1","3","8","11","1","0"
"C2982","334~CloneInstance","C834","L103","C:\Users\tiaru\Desktop\SourceMeter-10.0.0-x64-Windows\Java\Apache1.3\jakarta-ant-1.3\src\main\org\apache\tools\ant\taskdefs\optional\ide\VAJAntToolGUI.java","704","2","715","3","1","3","10","12","1","0"
"C2983","335~CloneInstance","C834","L103","C:\Users\tiaru\Desktop\SourceMeter-10.0.0-x64-Windows\Java\Apache1.3\jakarta-ant-1.3\src\main\org\apache\tools\ant\taskdefs\optional\ide\VAJAntToolGUI.java","754","2","765","3","1","3","9","12","1","0"
"C2984","336~CloneInstance","C834","L103","C:\Users\tiaru\Desktop\SourceMeter-10.0.0-x64-Windows\Java\Apache1.3\jakarta-ant-1.3\src\main\org\apache\tools\ant\taskdefs\optional\ide\VAJAntToolGUI.java","770","2","781","3","1","3","14","12","1","0"
"C2985","337~CloneInstance","C834","L103","C:\Users\tiaru\Desktop\SourceMeter-10.0.0-x64-Windows\Java\Apache1.3\jakarta-ant-1.3\src\main\org\apache\tools\ant\taskdefs\optional\ide\VAJAntToolGUI.java","786","2","797","3","1","3","7","12","1","0"
"C2986","338~CloneInstance","C834","L103","C:\Users\tiaru\Desktop\SourceMeter-10.0.0-x64-Windows\Java\Apache1.3\jakarta-ant-1.3\src\main\org\apache\tools\ant\taskdefs\optional\ide\VAJAntToolGUI.java","825","2","836","3","1","3","10","12","1","0"
"C2962","327~CloneInstance","C827","L103","C:\Users\tiaru\Desktop\SourceMeter-10.0.0-x64-Windows\Java\Apache1.3\jakarta-ant-1.3\src\main\org\apache\tools\ant\taskdefs\optional\ide\VAJAntToolGUI.java","945","2","955","3","1","3","6","11","1","0"
"C2987","339~CloneInstance","C834","L103","C:\Users\tiaru\Desktop\SourceMeter-10.0.0-x64-Windows\Java\Apache1.3\jakarta-ant-1.3\src\main\org\apache\tools\ant\taskdefs\optional\ide\VAJAntToolGUI.java","960","2","971","3","1","3","10","12","1","0"
"C2988","340~CloneInstance","C834","L103","C:\Users\tiaru\Desktop\SourceMeter-10.0.0-x64-Windows\Java\Apache1.3\jakarta-ant-1.3\src\main\org\apache\tools\ant\taskdefs\optional\ide\VAJAntToolGUI.java","1033","2","1044","3","1","3","12","12","1","0"
"C2989","341~CloneInstance","C834","L103","C:\Users\tiaru\Desktop\SourceMeter-10.0.0-x64-Windows\Java\Apache1.3\jakarta-ant-1.3\src\main\org\apache\tools\ant\taskdefs\optional\ide\VAJAntToolGUI.java","1070","2","1081","3","1","3","7","12","1","0"
"C1581","63~CloneInstance","C303","L103","C:\Users\tiaru\Desktop\SourceMeter-10.0.0-x64-Windows\Java\Apache1.3\jakarta-ant-1.3\src\main\org\apache\tools\ant\taskdefs\optional\ide\VAJAntToolGUI.java","1135","5","1145","84","1","1","7","11","1","0"
"C1582","64~CloneInstance","C303","L103","C:\Users\tiaru\Desktop\SourceMeter-10.0.0-x64-Windows\Java\Apache1.3\jakarta-ant-1.3\src\main\org\apache\tools\ant\taskdefs\optional\ide\VAJAntToolGUI.java","1163","5","1173","96","1","1","7","11","1","0"
"C1592","67~CloneInstance","C306","L103","C:\Users\tiaru\Desktop\SourceMeter-10.0.0-x64-Windows\Java\Apache1.3\jakarta-ant-1.3\src\main\org\apache\tools\ant\taskdefs\optional\ide\VAJAntToolGUI.java","1153","38","1163","73","1","1","11","11","1","0"
"C1611","69~CloneInstance","C310","L103","C:\Users\tiaru\Desktop\SourceMeter-10.0.0-x64-Windows\Java\Apache1.3\jakarta-ant-1.3\src\main\org\apache\tools\ant\taskdefs\optional\ide\VAJAntToolGUI.java","1116","5","1127","66","1","1","8","12","1","0"
"C1612","70~CloneInstance","C310","L103","C:\Users\tiaru\Desktop\SourceMeter-10.0.0-x64-Windows\Java\Apache1.3\jakarta-ant-1.3\src\main\org\apache\tools\ant\taskdefs\optional\ide\VAJAntToolGUI.java","1158","5","1169","78","1","1","10","12","1","0"
"C1613","72~CloneInstance","C311","L103","C:\Users\tiaru\Desktop\SourceMeter-10.0.0-x64-Windows\Java\Apache1.3\jakarta-ant-1.3\src\main\org\apache\tools\ant\taskdefs\optional\ide\VAJAntToolGUI.java","1116","5","1126","72","1","1","9","11","1","0"
"C1614","73~CloneInstance","C311","L103","C:\Users\tiaru\Desktop\SourceMeter-10.0.0-x64-Windows\Java\Apache1.3\jakarta-ant-1.3\src\main\org\apache\tools\ant\taskdefs\optional\ide\VAJAntToolGUI.java","1158","5","1168","98","1","1","11","11","1","0"
"C2990","342~CloneInstance","C834","L103","C:\Users\tiaru\Desktop\SourceMeter-10.0.0-x64-Windows\Java\Apache1.3\jakarta-ant-1.3\src\main\org\apache\tools\ant\taskdefs\optional\ide\VAJAntToolGUI.java","1184","2","1195","3","1","3","7","12","1","0"
"C2991","343~CloneInstance","C834","L103","C:\Users\tiaru\Desktop\SourceMeter-10.0.0-x64-Windows\Java\Apache1.3\jakarta-ant-1.3\src\main\org\apache\tools\ant\taskdefs\optional\ide\VAJAntToolGUI.java","1200","2","1211","3","1","3","8","12","1","0"
"C2992","344~CloneInstance","C834","L103","C:\Users\tiaru\Desktop\SourceMeter-10.0.0-x64-Windows\Java\Apache1.3\jakarta-ant-1.3\src\main\org\apache\tools\ant\taskdefs\optional\ide\VAJAntToolGUI.java","1216","2","1227","3","1","3","9","12","1","0"
"C2963","328~CloneInstance","C827","L103","C:\Users\tiaru\Desktop\SourceMeter-10.0.0-x64-Windows\Java\Apache1.3\jakarta-ant-1.3\src\main\org\apache\tools\ant\taskdefs\optional\ide\VAJAntToolGUI.java","1232","2","1242","3","1","3","9","11","1","0"
"C2964","329~CloneInstance","C827","L103","C:\Users\tiaru\Desktop\SourceMeter-10.0.0-x64-Windows\Java\Apache1.3\jakarta-ant-1.3\src\main\org\apache\tools\ant\taskdefs\optional\ide\VAJAntToolGUI.java","1247","2","1257","3","1","3","8","11","1","0"
"C1336","29~CloneInstance","C231","L103","C:\Users\tiaru\Desktop\SourceMeter-10.0.0-x64-Windows\Java\Apache1.3\jakarta-ant-1.3\src\main\org\apache\tools\ant\taskdefs\optional\ide\VAJBuildInfo.java","136","4","146","3","1","3","14","11","1","0"
"C2759","256~CloneInstance","C749","L103","C:\Users\tiaru\Desktop\SourceMeter-10.0.0-x64-Windows\Java\Apache1.3\jakarta-ant-1.3\src\main\org\apache\tools\ant\taskdefs\optional\ide\VAJWorkspaceScanner.java","113","5","125","6","1","4","25","13","1","0"
"C1379","42~CloneInstance","C250","L103","C:\Users\tiaru\Desktop\SourceMeter-10.0.0-x64-Windows\Java\Apache1.3\jakarta-ant-1.3\src\main\org\apache\tools\ant\taskdefs\optional\javacc\JavaCC.java","240","9","251","70","1","2","53","12","1","0"
"C2751","250~CloneInstance","C745","L103","C:\Users\tiaru\Desktop\SourceMeter-10.0.0-x64-Windows\Java\Apache1.3\jakarta-ant-1.3\src\main\org\apache\tools\ant\taskdefs\optional\javacc\JavaCC.java","212","9","222","10","1","3","22","11","1","0"
"C1380","43~CloneInstance","C250","L103","C:\Users\tiaru\Desktop\SourceMeter-10.0.0-x64-Windows\Java\Apache1.3\jakarta-ant-1.3\src\main\org\apache\tools\ant\taskdefs\optional\javacc\JJTree.java","196","9","207","70","1","2","53","12","1","0"
"C2752","251~CloneInstance","C745","L103","C:\Users\tiaru\Desktop\SourceMeter-10.0.0-x64-Windows\Java\Apache1.3\jakarta-ant-1.3\src\main\org\apache\tools\ant\taskdefs\optional\javacc\JJTree.java","167","9","176","10","1","3","22","10","1","0"
"C2555","214~CloneInstance","C666","L103","C:\Users\tiaru\Desktop\SourceMeter-10.0.0-x64-Windows\Java\Apache1.3\jakarta-ant-1.3\src\main\org\apache\tools\ant\taskdefs\optional\junit\AggregateTransformer.java","283","81","292","6","1","2","5","10","1","0"
"C2556","215~CloneInstance","C666","L103","C:\Users\tiaru\Desktop\SourceMeter-10.0.0-x64-Windows\Java\Apache1.3\jakarta-ant-1.3\src\main\org\apache\tools\ant\taskdefs\optional\junit\AggregateTransformer.java","294","75","303","6","1","2","5","10","1","0"
"C1880","84~CloneInstance","C419","L103","C:\Users\tiaru\Desktop\SourceMeter-10.0.0-x64-Windows\Java\Apache1.3\jakarta-ant-1.3\src\main\org\apache\tools\ant\taskdefs\optional\net\FTP.java","591","13","603","27","1","2","28","13","1","0"
"C1881","85~CloneInstance","C419","L103","C:\Users\tiaru\Desktop\SourceMeter-10.0.0-x64-Windows\Java\Apache1.3\jakarta-ant-1.3\src\main\org\apache\tools\ant\taskdefs\optional\net\FTP.java","669","13","681","27","1","2","28","13","1","0"
"C2689","226~CloneInstance","C720","L103","C:\Users\tiaru\Desktop\SourceMeter-10.0.0-x64-Windows\Java\Apache1.3\jakarta-ant-1.3\src\main\org\apache\tools\ant\taskdefs\optional\scm\AntStarTeamCheckOut.java","275","9","289","10","1","4","23","15","1","0"
"C2690","227~CloneInstance","C720","L103","C:\Users\tiaru\Desktop\SourceMeter-10.0.0-x64-Windows\Java\Apache1.3\jakarta-ant-1.3\src\main\org\apache\tools\ant\taskdefs\optional\scm\AntStarTeamCheckOut.java","290","9","304","10","1","4","23","15","1","0"
"C2691","229~CloneInstance","C721","L103","C:\Users\tiaru\Desktop\SourceMeter-10.0.0-x64-Windows\Java\Apache1.3\jakarta-ant-1.3\src\main\org\apache\tools\ant\taskdefs\optional\scm\AntStarTeamCheckOut.java","275","9","284","10","1","3","17","10","1","0"
"C2692","230~CloneInstance","C721","L103","C:\Users\tiaru\Desktop\SourceMeter-10.0.0-x64-Windows\Java\Apache1.3\jakarta-ant-1.3\src\main\org\apache\tools\ant\taskdefs\optional\scm\AntStarTeamCheckOut.java","285","9","294","10","1","3","17","10","1","0"
"C2693","231~CloneInstance","C721","L103","C:\Users\tiaru\Desktop\SourceMeter-10.0.0-x64-Windows\Java\Apache1.3\jakarta-ant-1.3\src\main\org\apache\tools\ant\taskdefs\optional\scm\AntStarTeamCheckOut.java","295","9","304","10","1","3","17","10","1","0"
"C2280","176~CloneInstance","C567","L103","C:\Users\tiaru\Desktop\SourceMeter-10.0.0-x64-Windows\Java\Apache1.3\jakarta-ant-1.3\src\main\org\apache\tools\ant\taskdefs\optional\scm\AntStarTeamCheckOut.java","561","9","571","10","1","4","5","11","1","0"
"C2281","177~CloneInstance","C567","L103","C:\Users\tiaru\Desktop\SourceMeter-10.0.0-x64-Windows\Java\Apache1.3\jakarta-ant-1.3\src\main\org\apache\tools\ant\taskdefs\optional\scm\AntStarTeamCheckOut.java","574","9","584","10","1","4","5","11","1","0"
"C1498","59~CloneInstance","C284","L103","C:\Users\tiaru\Desktop\SourceMeter-10.0.0-x64-Windows\Java\Apache1.3\jakarta-ant-1.3\src\main\org\apache\tools\ant\taskdefs\optional\scm\AntStarTeamCheckOut.java","907","13","917","32","1","2","12","11","1","0"
"C2722","242~CloneInstance","C734","L103","C:\Users\tiaru\Desktop\SourceMeter-10.0.0-x64-Windows\Java\Apache1.3\jakarta-ant-1.3\src\main\org\apache\tools\ant\taskdefs\optional\scm\AntStarTeamCheckOut.java","847","9","868","10","1","6","11","22","1","0"
"C2723","243~CloneInstance","C734","L103","C:\Users\tiaru\Desktop\SourceMeter-10.0.0-x64-Windows\Java\Apache1.3\jakarta-ant-1.3\src\main\org\apache\tools\ant\taskdefs\optional\scm\AntStarTeamCheckOut.java","871","9","892","10","1","6","11","22","1","0"
"C2929","313~CloneInstance","C814","L103","C:\Users\tiaru\Desktop\SourceMeter-10.0.0-x64-Windows\Java\Apache1.3\jakarta-ant-1.3\src\main\org\apache\tools\ant\taskdefs\optional\scm\AntStarTeamCheckOut.java","803","5","953","6","1","28","2","151","1","2"
"C1950","93~CloneInstance","C446","L103","C:\Users\tiaru\Desktop\SourceMeter-10.0.0-x64-Windows\Java\Apache1.3\jakarta-ant-1.3\src\main\org\apache\tools\ant\taskdefs\optional\vss\MSVSSGET.java","162","9","172","10","1","2","34","11","1","0"
"C2282","179~CloneInstance","C568","L103","C:\Users\tiaru\Desktop\SourceMeter-10.0.0-x64-Windows\Java\Apache1.3\jakarta-ant-1.3\src\main\org\apache\tools\ant\taskdefs\optional\vss\MSVSSGET.java","140","9","154","61","1","2","38","15","1","0"
"C1951","94~CloneInstance","C446","L103","C:\Users\tiaru\Desktop\SourceMeter-10.0.0-x64-Windows\Java\Apache1.3\jakarta-ant-1.3\src\main\org\apache\tools\ant\taskdefs\optional\vss\MSVSSLABEL.java","148","9","161","10","1","2","34","14","1","0"
"C2283","180~CloneInstance","C568","L103","C:\Users\tiaru\Desktop\SourceMeter-10.0.0-x64-Windows\Java\Apache1.3\jakarta-ant-1.3\src\main\org\apache\tools\ant\taskdefs\optional\vss\MSVSSLABEL.java","123","9","137","61","1","2","37","15","1","0"
"C2888","296~CloneInstance","C798","L103","C:\Users\tiaru\Desktop\SourceMeter-10.0.0-x64-Windows\Java\Apache1.3\jakarta-ant-1.3\src\main\org\apache\tools\ant\taskdefs\optional\depend\constantpool\ConstantPool.java","204","5","220","6","1","4","4","17","1","0"
"C2889","297~CloneInstance","C798","L103","C:\Users\tiaru\Desktop\SourceMeter-10.0.0-x64-Windows\Java\Apache1.3\jakarta-ant-1.3\src\main\org\apache\tools\ant\taskdefs\optional\depend\constantpool\ConstantPool.java","230","5","246","6","1","4","4","17","1","0"
"C2942","319~CloneInstance","C820","L103","C:\Users\tiaru\Desktop\SourceMeter-10.0.0-x64-Windows\Java\Apache1.3\jakarta-ant-1.3\src\main\org\apache\tools\ant\taskdefs\optional\depend\constantpool\ConstantPool.java","259","5","276","6","1","4","4","18","1","0"
"C2943","320~CloneInstance","C820","L103","C:\Users\tiaru\Desktop\SourceMeter-10.0.0-x64-Windows\Java\Apache1.3\jakarta-ant-1.3\src\main\org\apache\tools\ant\taskdefs\optional\depend\constantpool\ConstantPool.java","289","5","307","6","1","4","4","19","1","0"
"C2944","321~CloneInstance","C820","L103","C:\Users\tiaru\Desktop\SourceMeter-10.0.0-x64-Windows\Java\Apache1.3\jakarta-ant-1.3\src\main\org\apache\tools\ant\taskdefs\optional\depend\constantpool\ConstantPool.java","320","5","337","6","1","4","4","18","1","0"
"C2235","166~CloneInstance","C547","L103","C:\Users\tiaru\Desktop\SourceMeter-10.0.0-x64-Windows\Java\Apache1.3\jakarta-ant-1.3\src\main\org\apache\tools\ant\taskdefs\optional\depend\constantpool\ConstantPoolEntry.java","172","9","195","19","1","6","21","24","1","0"
"C2236","167~CloneInstance","C547","L103","C:\Users\tiaru\Desktop\SourceMeter-10.0.0-x64-Windows\Java\Apache1.3\jakarta-ant-1.3\src\main\org\apache\tools\ant\taskdefs\optional\depend\constantpool\ConstantPoolEntry.java","197","9","220","19","1","6","21","24","1","0"
"C2237","169~CloneInstance","C548","L103","C:\Users\tiaru\Desktop\SourceMeter-10.0.0-x64-Windows\Java\Apache1.3\jakarta-ant-1.3\src\main\org\apache\tools\ant\taskdefs\optional\depend\constantpool\ConstantPoolEntry.java","172","9","190","19","1","5","17","19","1","0"
"C2238","170~CloneInstance","C548","L103","C:\Users\tiaru\Desktop\SourceMeter-10.0.0-x64-Windows\Java\Apache1.3\jakarta-ant-1.3\src\main\org\apache\tools\ant\taskdefs\optional\depend\constantpool\ConstantPoolEntry.java","192","9","210","19","1","5","17","19","1","0"
"C2239","172~CloneInstance","C549","L103","C:\Users\tiaru\Desktop\SourceMeter-10.0.0-x64-Windows\Java\Apache1.3\jakarta-ant-1.3\src\main\org\apache\tools\ant\taskdefs\optional\depend\constantpool\ConstantPoolEntry.java","172","9","185","19","1","4","13","14","1","0"
"C2240","173~CloneInstance","C549","L103","C:\Users\tiaru\Desktop\SourceMeter-10.0.0-x64-Windows\Java\Apache1.3\jakarta-ant-1.3\src\main\org\apache\tools\ant\taskdefs\optional\depend\constantpool\ConstantPoolEntry.java","187","9","200","19","1","4","13","14","1","0"
"C2241","174~CloneInstance","C549","L103","C:\Users\tiaru\Desktop\SourceMeter-10.0.0-x64-Windows\Java\Apache1.3\jakarta-ant-1.3\src\main\org\apache\tools\ant\taskdefs\optional\depend\constantpool\ConstantPoolEntry.java","202","9","215","19","1","4","13","14","1","0"
"C2914","308~CloneInstance","C806","L103","C:\Users\tiaru\Desktop\SourceMeter-10.0.0-x64-Windows\Java\Apache1.3\jakarta-ant-1.3\src\main\org\apache\tools\ant\taskdefs\optional\depend\constantpool\FieldRefCPInfo.java","98","5","113","6","1","1","13","16","1","0"
"C3007","348~CloneInstance","C837","L103","C:\Users\tiaru\Desktop\SourceMeter-10.0.0-x64-Windows\Java\Apache1.3\jakarta-ant-1.3\src\main\org\apache\tools\ant\taskdefs\optional\depend\constantpool\FieldRefCPInfo.java","120","5","130","6","1","2","2","11","1","0"
"C2912","306~CloneInstance","C806","L103","C:\Users\tiaru\Desktop\SourceMeter-10.0.0-x64-Windows\Java\Apache1.3\jakarta-ant-1.3\src\main\org\apache\tools\ant\taskdefs\optional\depend\constantpool\InterfaceMethodRefCPInfo.java","99","5","114","6","1","1","13","16","1","0"
"C3005","346~CloneInstance","C837","L103","C:\Users\tiaru\Desktop\SourceMeter-10.0.0-x64-Windows\Java\Apache1.3\jakarta-ant-1.3\src\main\org\apache\tools\ant\taskdefs\optional\depend\constantpool\InterfaceMethodRefCPInfo.java","121","5","132","6","1","2","2","12","1","0"
"C3006","347~CloneInstance","C837","L103","C:\Users\tiaru\Desktop\SourceMeter-10.0.0-x64-Windows\Java\Apache1.3\jakarta-ant-1.3\src\main\org\apache\tools\ant\taskdefs\optional\depend\constantpool\MethodRefCPInfo.java","96","5","106","6","1","2","2","11","1","0"
"C2913","307~CloneInstance","C806","L103","C:\Users\tiaru\Desktop\SourceMeter-10.0.0-x64-Windows\Java\Apache1.3\jakarta-ant-1.3\src\main\org\apache\tools\ant\taskdefs\optional\depend\constantpool\MethodRefCPInfo.java","115","5","130","6","1","1","13","16","1","0"
"C2210","163~CloneInstance","C534","L103","C:\Users\tiaru\Desktop\SourceMeter-10.0.0-x64-Windows\Java\Apache1.3\jakarta-ant-1.3\src\main\org\apache\tools\ant\taskdefs\optional\ide\VAJAntToolGUI.java","204","5","216","6","1","3","12","13","1","0"
"C2211","164~CloneInstance","C534","L103","C:\Users\tiaru\Desktop\SourceMeter-10.0.0-x64-Windows\Java\Apache1.3\jakarta-ant-1.3\src\main\org\apache\tools\ant\taskdefs\optional\ide\VAJAntToolGUI.java","292","4","304","5","1","3","12","13","1","0"
"C2652","221~CloneInstance","C703","L103","C:\Users\tiaru\Desktop\SourceMeter-10.0.0-x64-Windows\Java\Apache1.3\jakarta-ant-1.3\src\main\org\apache\tools\ant\taskdefs\optional\net\FTP.java","124","13","138","41","1","3","55","15","1","0"
"C1378","40~CloneInstance","C249","L103","C:\Users\tiaru\Desktop\SourceMeter-10.0.0-x64-Windows\Java\Apache1.3\jakarta-ant-1.3\src\main\org\apache\tools\ant\taskdefs\optional\net\FTP.java","163","24","182","22","1","6","52","20","1","0"
"C2703","240~CloneInstance","C726","L103","C:\Users\tiaru\Desktop\SourceMeter-10.0.0-x64-Windows\Java\Apache1.3\jakarta-ant-1.3\src\main\org\apache\tools\ant\taskdefs\optional\net\FTP.java","183","25","193","26","1","4","31","11","1","0"
